symbol,session_date,direction,entry_ts,entry,stop,take_profit,rr_target,risk_points,risk_pips,asian_high,asian_low,outcome,realized_rr,exit_ts,exit_price
EURUSD,2023-05-10,short,2023-05-12 08:00:00+00:00,1.09076,1.09854,1.0751999999999997,2.0,0.00778000000000012,77.80000000000119,1.09724,1.09468,win,2.0,2023-05-24 10:00:00+00:00,1.0751999999999997
EURUSD,2023-05-15,short,2023-05-17 06:00:00+00:00,1.08531,1.08801,1.0799100000000001,2.0,0.0026999999999999247,26.999999999999247,1.08618,1.08453,win,2.0,2023-05-18 12:00:00+00:00,1.0799100000000001
EURUSD,2023-05-29,short,2023-05-31 02:00:00+00:00,1.07132,1.07417,1.06562,2.0,0.002850000000000019,28.500000000000192,1.07292,1.07158,win,2.0,2023-05-31 15:00:00+00:00,1.06562
EURUSD,2023-05-31,long,2023-06-02 06:00:00+00:00,1.07714,1.0666900000000001,1.0980399999999997,2.0,0.010449999999999848,104.49999999999848,1.07356,1.07141,loss,-1.0,2023-06-06 12:00:00+00:00,1.0666900000000001
EURUSD,2023-06-02,short,2023-06-02 13:00:00+00:00,1.07476,1.07788,1.06852,2.0,0.0031200000000000117,31.200000000000117,1.07684,1.07279,win,2.0,2023-06-05 07:00:00+00:00,1.06852
EURUSD,2023-07-05,short,2023-07-07 08:00:00+00:00,1.08758,1.09108,1.0805799999999999,2.0,0.0035000000000000586,35.00000000000058,1.09027,1.08768,loss,-1.0,2023-07-07 12:00:00+00:00,1.09108
EURUSD,2023-07-26,short,2023-07-28 08:00:00+00:00,1.09518,1.10778,1.0699800000000002,2.0,0.012599999999999945,125.99999999999945,1.10577,1.10354,timeout,-0.17777777777778012,2023-08-09 15:00:00+00:00,1.09742
EURUSD,2023-07-27,short,2023-07-30 21:00:00+00:00,1.10206,1.1137,1.0787800000000003,2.0,0.011639999999999873,116.39999999999873,1.11066,1.10564,timeout,0.3556701030927902,2023-08-10 04:00:00+00:00,1.09792
EURUSD,2023-08-08,long,2023-08-10 03:00:00+00:00,1.09789,1.09706,1.0995500000000002,2.0,0.0008300000000001084,8.300000000001084,1.10101,1.09921,win,2.0,2023-08-10 06:00:00+00:00,1.0995500000000002
EURUSD,2023-08-23,short,2023-08-25 08:00:00+00:00,1.07711,1.08743,1.0564700000000002,2.0,0.010319999999999885,103.19999999999884,1.08557,1.08434,loss,-1.0,2023-08-29 17:00:00+00:00,1.08743
EURUSD,2023-09-01,short,2023-09-01 11:00:00+00:00,1.08456,1.08625,1.08118,2.0,0.0016899999999999693,16.899999999999693,1.0859,1.08347,loss,-1.0,2023-09-01 12:00:00+00:00,1.08625
EURUSD,2023-09-18,long,2023-09-20 08:00:00+00:00,1.06904,1.06532,1.0764799999999999,2.0,0.0037199999999999456,37.199999999999456,1.0669,1.06578,loss,-1.0,2023-09-20 20:00:00+00:00,1.06532
EURUSD,2023-09-27,long,2023-09-29 07:00:00+00:00,1.05898,1.05543,1.06608,2.0,0.003549999999999942,35.49999999999942,1.05844,1.0562,loss,-1.0,2023-10-02 09:00:00+00:00,1.05543
EURUSD,2023-11-17,long,2023-11-17 19:00:00+00:00,1.09032,1.08217,1.1066199999999997,2.0,0.00814999999999988,81.49999999999879,1.08955,1.08434,timeout,0.8993865030675051,2023-11-30 02:00:00+00:00,1.09765
EURUSD,2023-11-20,short,2023-11-22 06:00:00+00:00,1.09072,1.09326,1.08564,2.0,0.0025399999999999867,25.399999999999867,1.0911,1.09054,win,2.0,2023-11-22 15:00:00+00:00,1.08564
EURUSD,2023-11-28,short,2023-11-30 08:00:00+00:00,1.09515,1.09654,1.09237,2.0,0.0013900000000000023,13.900000000000023,1.09591,1.09251,win,2.0,2023-11-30 08:00:00+00:00,1.09237
EURUSD,2023-12-28,short,2023-12-29 20:00:00+00:00,1.10409,1.11424,1.0837900000000003,2.0,0.010149999999999881,101.4999999999988,1.11226,1.10968,timeout,0.6236453201970464,2024-01-12 03:00:00+00:00,1.09776
EURUSD,2024-01-31,long,2024-02-02 08:00:00+00:00,1.08809,1.0806200000000001,1.1030299999999997,2.0,0.007469999999999866,74.69999999999865,1.08562,1.08281,loss,-1.0,2024-02-02 13:00:00+00:00,1.0806200000000001
EURUSD,2024-02-12,short,2024-02-14 09:00:00+00:00,1.07021,1.0806,1.0494300000000003,2.0,0.0103899999999999,103.89999999999898,1.07983,1.07766,loss,-1.0,2024-02-20 10:00:00+00:00,1.0806
EURUSD,2024-04-02,long,2024-04-03 23:00:00+00:00,1.08376,1.0723,1.10668,2.0,0.011460000000000026,114.60000000000025,1.07454,1.07309,loss,-1.0,2024-04-11 12:00:00+00:00,1.0723
EURUSD,2024-04-08,long,2024-04-10 09:00:00+00:00,1.08604,1.08191,1.0942999999999998,2.0,0.004129999999999967,41.29999999999967,1.08379,1.08272,loss,-1.0,2024-04-10 12:00:00+00:00,1.08191
EURUSD,2024-04-10,short,2024-04-12 04:00:00+00:00,1.07171,1.08635,1.04243,2.0,0.014639999999999986,146.39999999999986,1.086,1.08477,timeout,0.19125683060108717,2024-04-24 11:00:00+00:00,1.06891
EURUSD,2024-06-07,short,2024-06-07 14:00:00+00:00,1.08194,1.09013,1.0655599999999996,2.0,0.008190000000000142,81.90000000000141,1.08942,1.08775,timeout,0.9133089133088891,2024-06-19 21:00:00+00:00,1.07446
EURUSD,2024-07-17,short,2024-07-19 07:00:00+00:00,1.08849,1.09164,1.08219,2.0,0.003149999999999986,31.49999999999986,1.09029,1.08783,win,2.0,2024-07-29 11:00:00+00:00,1.08219
EURUSD,2024-07-30,short,2024-08-01 07:00:00+00:00,1.08161,1.08298,1.0788699999999998,2.0,0.0013700000000000934,13.700000000000934,1.08259,1.08149,win,2.0,2024-08-01 08:00:00+00:00,1.0788699999999998
EURUSD,2024-08-05,short,2024-08-07 06:00:00+00:00,1.09101,1.097,1.0790300000000002,2.0,0.00598999999999994,59.899999999999395,1.09234,1.09028,loss,-1.0,2024-08-13 16:00:00+00:00,1.097
EURUSD,2024-08-09,short,2024-08-11 21:00:00+00:00,1.09142,1.0932,1.0878600000000003,2.0,0.0017799999999998928,17.799999999998928,1.09193,1.0905,loss,-1.0,2024-08-12 13:00:00+00:00,1.0932
EURUSD,2024-10-07,short,2024-10-09 08:00:00+00:00,1.09603,1.09755,1.0929900000000001,2.0,0.0015199999999999658,15.199999999999658,1.09717,1.0962,win,2.0,2024-10-10 08:00:00+00:00,1.0929900000000001
EURUSD,2024-10-25,short,2024-10-25 17:00:00+00:00,1.08049,1.08402,1.0734299999999999,2.0,0.003530000000000033,35.30000000000033,1.08298,1.07963,loss,-1.0,2024-10-30 08:00:00+00:00,1.08402
EURUSD,2024-11-28,long,2024-11-29 19:00:00+00:00,1.05753,1.05245,1.06769,2.0,0.005079999999999973,50.799999999999734,1.05876,1.05331,loss,-1.0,2024-12-02 02:00:00+00:00,1.05245
EURUSD,2024-12-16,short,2024-12-18 09:00:00+00:00,1.04931,1.05277,1.04239,2.0,0.0034600000000000186,34.600000000000186,1.05107,1.04847,win,2.0,2024-12-18 19:00:00+00:00,1.04239
EURUSD,2025-01-06,short,2025-01-08 08:00:00+00:00,1.03324,1.03555,1.0286199999999999,2.0,0.0023100000000000342,23.100000000000342,1.0308,1.02932,win,2.0,2025-01-08 11:00:00+00:00,1.0286199999999999
EURUSD,2025-01-15,short,2025-01-17 05:00:00+00:00,1.02937,1.0320099999999999,1.02409,2.0,0.0026399999999999757,26.399999999999757,1.03086,1.0263,loss,-1.0,2025-01-17 15:00:00+00:00,1.0320099999999999
EURUSD,2025-01-24,short,2025-01-24 14:00:00+00:00,1.04683,1.04982,1.0408499999999998,2.0,0.002990000000000048,29.90000000000048,1.04378,1.03719,loss,-1.0,2025-01-24 15:00:00+00:00,1.04982
EURUSD,2025-03-18,short,2025-03-20 05:00:00+00:00,1.09032,1.09575,1.0794599999999999,2.0,0.005430000000000046,54.30000000000046,1.09297,1.09114,win,2.0,2025-03-24 13:00:00+00:00,1.0794599999999999
EURUSD,2025-04-16,short,2025-04-18 07:00:00+00:00,1.13615,1.1395,1.12945,2.0,0.003349999999999964,33.49999999999964,1.13289,1.12639,loss,-1.0,2025-04-18 14:00:00+00:00,1.1395
EURUSD,2025-05-12,long,2025-05-14 08:00:00+00:00,1.12147,1.10947,1.14547,2.0,0.01200000000000001,120.0000000000001,1.12363,1.119,timeout,1.3850000000000053,2025-05-26 15:00:00+00:00,1.13809
EURUSD,2025-06-13,long,2025-06-13 16:00:00+00:00,1.1556,1.15321,1.1603799999999997,2.0,0.002389999999999892,23.899999999998922,1.16093,1.15636,loss,-1.0,2025-06-15 21:00:00+00:00,1.15321
EURUSD,2025-09-03,long,2025-09-05 06:00:00+00:00,1.16766,1.16051,1.18196,2.0,0.00714999999999999,71.4999999999999,1.16684,1.16294,win,2.0,2025-09-16 11:00:00+00:00,1.18196
EURUSD,2025-09-10,long,2025-09-12 08:00:00+00:00,1.17406,1.16794,1.1863000000000004,2.0,0.006120000000000125,61.20000000000125,1.17315,1.16972,win,2.0,2025-09-16 16:00:00+00:00,1.1863000000000004
EURUSD,2025-09-16,short,2025-09-18 05:00:00+00:00,1.1795,1.18047,1.1775600000000002,2.0,0.0009699999999999154,9.699999999999154,1.17744,1.17563,loss,-1.0,2025-09-18 07:00:00+00:00,1.18047
EURUSD,2025-09-23,short,2025-09-25 08:00:00+00:00,1.17333,1.18084,1.1583100000000002,2.0,0.007509999999999906,75.09999999999906,1.18037,1.17641,timeout,0.8055925432756278,2025-10-07 15:00:00+00:00,1.16728
EURUSD,2025-12-02,long,2025-12-04 09:00:00+00:00,1.16766,1.15994,1.1830999999999998,2.0,0.007719999999999949,77.19999999999949,1.16406,1.16063,timeout,1.1968911917098701,2025-12-16 16:00:00+00:00,1.1769
EURUSD,2025-12-16,short,2025-12-18 13:00:00+00:00,1.17138,1.17813,1.1578800000000005,2.0,0.006749999999999812,67.49999999999811,1.17688,1.17382,loss,-1.0,2025-12-23 07:00:00+00:00,1.17813
EURUSD,2026-01-06,short,2026-01-08 09:00:00+00:00,1.16709,1.17418,1.1529099999999999,2.0,0.007090000000000041,70.9000000000004,1.17286,1.16848,loss,-1.0,2026-01-20 12:00:00+00:00,1.17418
EURUSD,2026-01-27,long,2026-01-29 04:00:00+00:00,1.19863,1.18472,1.2264500000000003,2.0,0.013910000000000089,139.10000000000088,1.19069,1.18705,loss,-1.0,2026-02-01 22:00:00+00:00,1.18472
XAUUSD,2023-05-08,short,2023-05-10 02:00:00+00:00,2032.744,2032.8039999999999,2032.624,2.0,0.05999999999994543,5.999999999994543,2018.124,2014.134,loss,-1.0,2023-05-10 02:00:00+00:00,2032.8039999999999
XAUUSD,2023-05-09,short,2023-05-11 08:00:00+00:00,2025.544,2031.105,2014.4220000000003,2.0,5.560999999999922,556.0999999999922,2029.334,2020.085,loss,-1.0,2023-05-11 11:00:00+00:00,2031.105
XAUUSD,2023-05-15,short,2023-05-17 06:00:00+00:00,1987.844,2019.964,1923.6040000000003,2.0,32.11999999999989,3211.999999999989,2011.885,2006.998,timeout,1.408125778331264,2023-05-30 00:00:00+00:00,1942.615
XAUUSD,2023-06-20,short,2023-06-22 05:00:00+00:00,1929.705,1956.705,1875.705,2.0,27.0,2700.0,1953.938,1949.395,timeout,0.12814814814814948,2023-07-04 23:00:00+00:00,1926.245
XAUUSD,2023-06-21,long,2023-06-23 05:00:00+00:00,1916.408,1916.348,1916.5279999999998,2.0,0.05999999999994543,5.999999999994543,1938.658,1933.185,loss,-1.0,2023-06-23 05:00:00+00:00,1916.348
XAUUSD,2023-06-26,short,2023-06-28 07:00:00+00:00,1910.765,1929.095,1874.1050000000002,2.0,18.329999999999927,1832.9999999999927,1925.365,1922.534,loss,-1.0,2023-07-03 14:00:00+00:00,1929.095
XAUUSD,2023-07-03,long,2023-07-05 08:00:00+00:00,1927.285,1911.965,1957.9250000000004,2.0,15.320000000000164,1532.0000000000164,1919.565,1917.12,loss,-1.0,2023-07-06 12:00:00+00:00,1911.965
XAUUSD,2023-07-05,long,2023-07-07 06:00:00+00:00,1914.195,1914.135,1914.3149999999998,2.0,0.05999999999994543,5.999999999994543,1928.085,1923.915,loss,-1.0,2023-07-07 06:00:00+00:00,1914.135
XAUUSD,2023-07-07,short,2023-07-07 19:00:00+00:00,1926.208,1926.268,1926.0880000000002,2.0,0.05999999999994543,5.999999999994543,1912.238,1907.065,win,2.0,2023-07-07 19:00:00+00:00,1926.0880000000002
XAUUSD,2023-07-12,short,2023-07-14 07:00:00+00:00,1956.455,1956.5149999999999,1956.335,2.0,0.05999999999994543,5.999999999994543,1933.655,1929.255,loss,-1.0,2023-07-14 07:00:00+00:00,1956.5149999999999
XAUUSD,2023-08-07,long,2023-08-09 02:00:00+00:00,1927.515,1927.4550000000002,1927.635,2.0,0.05999999999994543,5.999999999994543,1946.605,1941.348,loss,-1.0,2023-08-09 02:00:00+00:00,1927.4550000000002
XAUUSD,2023-08-08,long,2023-08-10 08:00:00+00:00,1919.235,1919.175,1919.3549999999998,2.0,0.05999999999994543,5.999999999994543,1937.945,1931.815,loss,-1.0,2023-08-10 08:00:00+00:00,1919.175
XAUUSD,2023-08-21,long,2023-08-23 02:00:00+00:00,1901.555,1887.865,1928.9350000000002,2.0,13.690000000000055,1369.0000000000055,1890.755,1888.685,win,2.0,2023-08-29 14:00:00+00:00,1928.9350000000002
XAUUSD,2023-08-28,short,2023-08-30 06:00:00+00:00,1935.218,1935.278,1935.0980000000002,2.0,0.05999999999994543,5.999999999994543,1916.148,1914.165,loss,-1.0,2023-08-30 06:00:00+00:00,1935.278
XAUUSD,2023-09-04,short,2023-09-06 08:00:00+00:00,1922.875,1945.205,1878.2150000000001,2.0,22.329999999999927,2232.9999999999927,1940.985,1939.274,timeout,-0.44021495745633493,2023-09-19 00:00:00+00:00,1932.705
XAUUSD,2023-09-13,long,2023-09-15 02:00:00+00:00,1915.275,1909.175,1927.4750000000004,2.0,6.100000000000136,610.0000000000136,1914.955,1911.508,win,2.0,2023-09-15 14:00:00+00:00,1927.4750000000004
XAUUSD,2023-09-18,short,2023-09-20 08:00:00+00:00,1928.645,1929.125,1927.685,2.0,0.4800000000000182,48.00000000000182,1924.364,1922.378,loss,-1.0,2023-09-20 08:00:00+00:00,1929.125
XAUUSD,2023-09-20,long,2023-09-22 07:00:00+00:00,1925.425,1925.365,1925.5449999999998,2.0,0.05999999999994543,5.999999999994543,1934.925,1929.675,loss,-1.0,2023-09-22 07:00:00+00:00,1925.365
XAUUSD,2023-09-27,long,2023-09-29 06:00:00+00:00,1867.285,1867.2250000000001,1867.405,2.0,0.05999999999994543,5.999999999994543,1906.395,1899.005,loss,-1.0,2023-09-29 06:00:00+00:00,1867.2250000000001
XAUUSD,2023-10-06,short,2023-10-06 13:00:00+00:00,1815.015,1825.055,1794.9350000000002,2.0,10.039999999999964,1003.9999999999964,1822.998,1814.335,loss,-1.0,2023-10-06 13:00:00+00:00,1825.055
XAUUSD,2023-10-24,long,2023-10-26 04:00:00+00:00,1987.135,1969.788,2021.829,2.0,17.34699999999998,1734.699999999998,1979.225,1971.075,loss,-1.0,2023-11-07 07:00:00+00:00,1969.788
XAUUSD,2023-10-25,short,2023-10-27 11:00:00+00:00,1980.505,1985.758,1969.9990000000003,2.0,5.252999999999929,525.2999999999929,1977.485,1961.195,loss,-1.0,2023-10-27 12:00:00+00:00,1985.758
XAUUSD,2023-11-01,long,2023-11-03 09:00:00+00:00,1988.415,1976.955,2011.335,2.0,11.460000000000036,1146.0000000000036,1999.295,1978.735,loss,-1.0,2023-11-06 23:00:00+00:00,1976.955
XAUUSD,2023-11-27,short,2023-11-29 08:00:00+00:00,2042.305,2042.365,2042.1850000000002,2.0,0.05999999999994543,5.999999999994543,2003.055,2000.398,loss,-1.0,2023-11-29 08:00:00+00:00,2042.365
XAUUSD,2023-11-28,short,2023-11-30 09:00:00+00:00,2040.438,2040.498,2040.3180000000002,2.0,0.05999999999994543,5.999999999994543,2015.308,2005.608,loss,-1.0,2023-11-30 09:00:00+00:00,2040.498
XAUUSD,2023-12-04,long,2023-12-06 01:00:00+00:00,2021.708,2021.6480000000001,2021.828,2.0,0.05999999999994543,5.999999999994543,2145.135,2071.604,loss,-1.0,2023-12-06 01:00:00+00:00,2021.6480000000001
XAUUSD,2023-12-20,long,2023-12-22 11:00:00+00:00,2055.595,2035.465,2095.8549999999996,2.0,20.12999999999988,2012.9999999999882,2046.905,2036.568,loss,-1.0,2024-01-03 14:00:00+00:00,2035.465
XAUUSD,2024-01-08,long,2024-01-10 09:00:00+00:00,2035.165,2027.115,2051.265,2.0,8.049999999999955,804.9999999999955,2045.565,2042.805,loss,-1.0,2024-01-10 14:00:00+00:00,2027.115
XAUUSD,2024-01-12,short,2024-01-12 18:00:00+00:00,2043.855,2043.915,2043.7350000000001,2.0,0.05999999999994543,5.999999999994543,2035.455,2013.225,loss,-1.0,2024-01-12 18:00:00+00:00,2043.915
XAUUSD,2024-01-16,long,2024-01-18 07:00:00+00:00,2012.575,2012.515,2012.695,2.0,0.05999999999994543,5.999999999994543,2056.218,2049.29,loss,-1.0,2024-01-18 07:00:00+00:00,2012.515
XAUUSD,2024-01-17,long,2024-01-19 08:00:00+00:00,2027.895,2021.115,2041.455,2.0,6.779999999999973,677.9999999999973,2041.915,2024.165,loss,-1.0,2024-01-22 06:00:00+00:00,2021.115
XAUUSD,2024-01-19,short,2024-01-19 17:00:00+00:00,2024.765,2030.145,2014.0050000000003,2.0,5.379999999999882,537.9999999999882,2024.555,2011.555,loss,-1.0,2024-01-22 01:00:00+00:00,2030.145
XAUUSD,2024-01-22,long,2024-01-24 09:00:00+00:00,2030.775,2020.305,2051.715,2.0,10.470000000000027,1047.0000000000027,2029.715,2026.848,loss,-1.0,2024-01-24 15:00:00+00:00,2020.305
XAUUSD,2024-02-01,long,2024-02-04 23:00:00+00:00,2040.054,2029.875,2060.4120000000003,2.0,10.179000000000087,1017.9000000000087,2055.878,2031.0,loss,-1.0,2024-02-05 05:00:00+00:00,2029.875
XAUUSD,2024-02-06,short,2024-02-08 13:00:00+00:00,2024.945,2027.858,2019.119,2.0,2.913000000000011,291.3000000000011,2027.465,2015.425,loss,-1.0,2024-02-08 14:00:00+00:00,2027.858
XAUUSD,2024-02-12,short,2024-02-14 09:00:00+00:00,1988.375,2027.1879999999999,1910.7490000000003,2.0,38.812999999999874,3881.2999999999874,2026.708,2023.194,loss,-1.0,2024-02-20 10:00:00+00:00,2027.1879999999999
XAUUSD,2024-02-21,short,2024-02-23 10:00:00+00:00,2016.715,2030.105,1989.9349999999997,2.0,13.3900000000001,1339.00000000001,2029.945,2023.455,loss,-1.0,2024-02-23 15:00:00+00:00,2030.105
XAUUSD,2024-02-26,short,2024-02-28 08:00:00+00:00,2027.965,2036.995,2009.905,2.0,9.029999999999973,902.9999999999973,2034.865,2032.638,loss,-1.0,2024-02-28 14:00:00+00:00,2036.995
XAUUSD,2024-03-13,short,2024-03-15 13:00:00+00:00,2161.695,2169.735,2145.6150000000002,2.0,8.039999999999964,803.9999999999964,2166.408,2150.455,loss,-1.0,2024-03-20 18:00:00+00:00,2169.735
XAUUSD,2024-03-22,long,2024-03-22 14:00:00+00:00,2177.955,2164.7949999999996,2204.2750000000005,2.0,13.16000000000031,1316.000000000031,2183.875,2166.264,loss,-1.0,2024-03-22 16:00:00+00:00,2164.7949999999996
XAUUSD,2024-04-01,short,2024-04-03 08:00:00+00:00,2271.065,2271.125,2270.945,2.0,0.05999999999994543,5.999999999994543,2247.265,2234.845,loss,-1.0,2024-04-03 08:00:00+00:00,2271.125
XAUUSD,2024-04-02,short,2024-04-04 06:00:00+00:00,2295.165,2295.225,2295.045,2.0,0.05999999999994543,5.999999999994543,2255.745,2233.605,loss,-1.0,2024-04-04 06:00:00+00:00,2295.225
XAUUSD,2024-04-12,short,2024-04-12 17:00:00+00:00,2369.185,2400.2450000000003,2307.064999999999,2.0,31.0600000000004,3106.00000000004,2379.455,2337.525,loss,-1.0,2024-04-19 01:00:00+00:00,2400.2450000000003
XAUUSD,2024-04-15,long,2024-04-17 09:00:00+00:00,2392.865,2344.5849999999996,2489.425,2.0,48.2800000000002,4828.00000000002,2372.435,2346.735,loss,-1.0,2024-04-22 11:00:00+00:00,2344.5849999999996
XAUUSD,2024-04-19,short,2024-04-19 20:00:00+00:00,2387.455,2393.8250000000003,2374.7149999999992,2.0,6.370000000000346,637.0000000000346,2389.228,2376.845,win,2.0,2024-04-22 02:00:00+00:00,2374.7149999999992
XAUUSD,2024-04-22,long,2024-04-24 04:00:00+00:00,2327.815,2327.755,2327.935,2.0,0.05999999999994543,5.999999999994543,2388.425,2381.275,loss,-1.0,2024-04-24 04:00:00+00:00,2327.755
XAUUSD,2024-04-23,long,2024-04-25 07:00:00+00:00,2322.604,2301.0649999999996,2365.6820000000002,2.0,21.539000000000215,2153.9000000000215,2341.725,2324.555,loss,-1.0,2024-04-30 14:00:00+00:00,2301.0649999999996
XAUUSD,2024-04-24,long,2024-04-26 06:00:00+00:00,2337.715,2311.605,2389.9350000000004,2.0,26.110000000000127,2611.0000000000127,2331.214,2315.115,loss,-1.0,2024-04-30 08:00:00+00:00,2311.605
XAUUSD,2024-05-03,long,2024-05-03 18:00:00+00:00,2301.955,2296.2349999999997,2313.3950000000004,2.0,5.720000000000255,572.0000000000255,2309.335,2297.165,loss,-1.0,2024-05-03 19:00:00+00:00,2296.2349999999997
XAUUSD,2024-05-06,short,2024-05-08 08:00:00+00:00,2305.505,2324.0750000000003,2268.365,2.0,18.570000000000164,1857.0000000000164,2305.855,2293.185,loss,-1.0,2024-05-09 12:00:00+00:00,2324.0750000000003
XAUUSD,2024-05-08,long,2024-05-10 06:00:00+00:00,2357.065,2305.0849999999996,2461.025000000001,2.0,51.98000000000047,5198.000000000047,2319.005,2310.955,timeout,0.45036552520199385,2024-05-22 22:00:00+00:00,2380.475
XAUUSD,2024-05-13,long,2024-05-15 08:00:00+00:00,2362.315,2346.365,2394.2150000000006,2.0,15.950000000000273,1595.0000000000273,2363.995,2359.625,win,2.0,2024-05-16 00:00:00+00:00,2394.2150000000006
XAUUSD,2024-05-14,short,2024-05-16 09:00:00+00:00,2385.935,2385.995,2385.815,2.0,0.05999999999994543,5.999999999994543,2343.598,2331.985,loss,-1.0,2024-05-16 09:00:00+00:00,2385.995
XAUUSD,2024-05-22,long,2024-05-24 06:00:00+00:00,2338.495,2338.435,2338.615,2.0,0.05999999999994543,5.999999999994543,2433.838,2417.238,loss,-1.0,2024-05-24 06:00:00+00:00,2338.435
XAUUSD,2024-05-27,short,2024-05-29 08:00:00+00:00,2350.405,2350.465,2350.2850000000003,2.0,0.05999999999994543,5.999999999994543,2340.588,2332.125,loss,-1.0,2024-05-29 08:00:00+00:00,2350.465
XAUUSD,2024-06-06,short,2024-06-07 09:00:00+00:00,2347.105,2368.2380000000003,2304.8389999999995,2.0,21.133000000000266,2113.3000000000266,2357.785,2348.885,win,2.0,2024-06-07 15:00:00+00:00,2304.8389999999995
XAUUSD,2024-06-07,short,2024-06-07 10:00:00+00:00,2339.225,2379.2650000000003,2259.144999999999,2.0,40.04000000000042,4004.000000000042,2378.408,2363.945,timeout,-0.028721278721280694,2024-06-20 04:00:00+00:00,2340.375
XAUUSD,2024-06-17,long,2024-06-19 08:00:00+00:00,2331.725,2315.455,2364.265,2.0,16.269999999999982,1626.9999999999982,2332.488,2327.228,win,2.0,2024-06-20 14:00:00+00:00,2364.265
XAUUSD,2024-06-25,long,2024-06-27 05:00:00+00:00,2300.355,2300.295,2300.475,2.0,0.05999999999994543,5.999999999994543,2334.595,2326.758,loss,-1.0,2024-06-27 05:00:00+00:00,2300.295
XAUUSD,2024-07-04,long,2024-07-05 13:00:00+00:00,2372.035,2353.4449999999997,2409.215,2.0,18.590000000000146,1859.0000000000146,2363.895,2353.585,loss,-1.0,2024-07-08 15:00:00+00:00,2353.4449999999997
XAUUSD,2024-07-08,long,2024-07-10 07:00:00+00:00,2371.805,2371.745,2371.9249999999997,2.0,0.05999999999994543,5.999999999994543,2390.008,2384.625,loss,-1.0,2024-07-10 07:00:00+00:00,2371.745
XAUUSD,2024-07-10,short,2024-07-12 07:00:00+00:00,2404.015,2404.075,2403.895,2.0,0.05999999999994543,5.999999999994543,2365.955,2349.455,loss,-1.0,2024-07-12 07:00:00+00:00,2404.075
XAUUSD,2024-07-17,short,2024-07-19 07:00:00+00:00,2419.845,2474.3050000000003,2310.924999999999,2.0,54.46000000000049,5446.000000000049,2469.865,2451.845,timeout,-0.47361366140286243,2024-07-31 23:00:00+00:00,2445.638
XAUUSD,2024-08-09,short,2024-08-09 19:00:00+00:00,2429.695,2431.4680000000003,2426.149,2.0,1.7730000000001382,177.30000000001382,2427.848,2411.798,loss,-1.0,2024-08-11 22:00:00+00:00,2431.4680000000003
XAUUSD,2024-08-21,long,2024-08-23 09:00:00+00:00,2498.865,2493.6679999999997,2509.259,2.0,5.197000000000116,519.7000000000116,2523.794,2500.685,win,2.0,2024-08-23 14:00:00+00:00,2509.259
XAUUSD,2024-08-27,long,2024-08-29 04:00:00+00:00,2516.495,2504.428,2540.629,2.0,12.067000000000007,1206.7000000000007,2523.255,2511.265,loss,-1.0,2024-08-29 12:00:00+00:00,2504.428
XAUUSD,2024-09-09,long,2024-09-11 07:00:00+00:00,2526.485,2488.6949999999997,2602.065000000001,2.0,37.79000000000042,3779.000000000042,2498.124,2495.415,win,2.0,2024-09-20 06:00:00+00:00,2602.065000000001
XAUUSD,2024-09-23,short,2024-09-25 07:00:00+00:00,2654.544,2654.604,2654.424,2.0,0.05999999999994543,5.999999999994543,2622.615,2617.984,loss,-1.0,2024-09-25 07:00:00+00:00,2654.604
XAUUSD,2024-09-24,long,2024-09-26 08:00:00+00:00,2664.535,2622.4449999999997,2748.715,2.0,42.090000000000146,4209.000000000015,2631.805,2625.575,loss,-1.0,2024-10-08 14:00:00+00:00,2622.4449999999997
XAUUSD,2024-09-25,short,2024-09-27 15:00:00+00:00,2649.348,2667.375,2613.294,2.0,18.027000000000044,1802.7000000000044,2664.204,2639.695,loss,-1.0,2024-10-01 13:00:00+00:00,2667.375
XAUUSD,2024-09-27,long,2024-09-29 22:00:00+00:00,2657.935,2657.875,2658.055,2.0,0.05999999999994543,5.999999999994543,2677.708,2662.308,loss,-1.0,2024-09-29 22:00:00+00:00,2657.875
XAUUSD,2024-10-07,short,2024-10-09 07:00:00+00:00,2612.595,2652.7250000000004,2532.3349999999987,2.0,40.130000000000564,4013.0000000000564,2652.615,2648.875,loss,-1.0,2024-10-11 13:00:00+00:00,2652.7250000000004
XAUUSD,2024-10-11,short,2024-10-11 10:00:00+00:00,2637.725,2645.4750000000004,2622.224999999999,2.0,7.750000000000455,775.0000000000455,2635.855,2616.365,loss,-1.0,2024-10-11 12:00:00+00:00,2645.4750000000004
XAUUSD,2024-10-25,long,2024-10-27 22:00:00+00:00,2735.698,2718.6949999999997,2769.704,2.0,17.003000000000156,1700.3000000000156,2737.638,2725.628,win,2.0,2024-10-29 14:00:00+00:00,2769.704
XAUUSD,2024-10-29,short,2024-10-31 07:00:00+00:00,2779.715,2779.775,2779.5950000000003,2.0,0.05999999999994543,5.999999999994543,2744.865,2739.555,loss,-1.0,2024-10-31 07:00:00+00:00,2779.775
XAUUSD,2024-11-01,short,2024-11-01 20:00:00+00:00,2734.025,2754.978,2692.119,2.0,20.952999999999975,2095.2999999999975,2749.608,2731.415,win,2.0,2024-11-06 13:00:00+00:00,2692.119
XAUUSD,2024-11-20,long,2024-11-22 02:00:00+00:00,2677.705,2618.6749999999997,2795.7650000000003,2.0,59.0300000000002,5903.00000000002,2635.355,2620.935,loss,-1.0,2024-11-25 18:00:00+00:00,2618.6749999999997
XAUUSD,2024-11-25,long,2024-11-27 03:00:00+00:00,2637.445,2637.385,2637.565,2.0,0.05999999999994543,5.999999999994543,2721.185,2691.251,loss,-1.0,2024-11-27 03:00:00+00:00,2637.385
XAUUSD,2024-11-29,short,2024-12-01 23:00:00+00:00,2653.075,2662.485,2634.254999999999,2.0,9.41000000000031,941.0000000000309,2642.995,2636.165,win,2.0,2024-12-02 00:00:00+00:00,2634.254999999999
XAUUSD,2024-12-11,short,2024-12-13 09:00:00+00:00,2674.765,2699.6150000000002,2625.064999999999,2.0,24.850000000000364,2485.0000000000364,2698.195,2684.385,win,2.0,2024-12-18 19:00:00+00:00,2625.064999999999
XAUUSD,2024-12-17,long,2024-12-19 09:00:00+00:00,2618.264,2618.204,2618.384,2.0,0.05999999999994543,5.999999999994543,2656.815,2648.475,win,2.0,2024-12-19 09:00:00+00:00,2618.384
XAUUSD,2025-01-02,short,2025-01-03 14:00:00+00:00,2649.685,2649.745,2649.565,2.0,0.05999999999994543,5.999999999994543,2626.005,2621.475,loss,-1.0,2025-01-03 14:00:00+00:00,2649.745
XAUUSD,2025-01-06,long,2025-01-08 07:00:00+00:00,2652.035,2625.5449999999996,2705.0150000000003,2.0,26.490000000000236,2649.0000000000236,2642.235,2638.815,win,2.0,2025-01-16 09:00:00+00:00,2705.0150000000003
XAUUSD,2025-01-13,long,2025-01-15 07:00:00+00:00,2680.759,2680.699,2680.879,2.0,0.05999999999994543,5.999999999994543,2690.868,2687.189,loss,-1.0,2025-01-15 07:00:00+00:00,2680.699
XAUUSD,2025-01-16,short,2025-01-17 21:00:00+00:00,2700.705,2703.2250000000004,2695.664999999999,2.0,2.5200000000004366,252.00000000004366,2697.448,2676.439,win,2.0,2025-01-19 23:00:00+00:00,2695.664999999999
XAUUSD,2025-01-24,short,2025-01-26 23:00:00+00:00,2770.305,2775.1850000000004,2760.5449999999987,2.0,4.880000000000564,488.0000000000564,2758.655,2741.875,win,2.0,2025-01-27 02:00:00+00:00,2760.5449999999987
XAUUSD,2025-02-12,long,2025-02-14 07:00:00+00:00,2934.195,2887.8349999999996,3026.9150000000013,2.0,46.36000000000058,4636.000000000058,2908.475,2890.675,loss,-1.0,2025-02-14 17:00:00+00:00,2887.8349999999996
XAUUSD,2025-02-13,short,2025-02-14 14:00:00+00:00,2920.445,2920.505,2920.3250000000003,2.0,0.05999999999994543,5.999999999994543,2909.035,2886.585,loss,-1.0,2025-02-14 14:00:00+00:00,2920.505
XAUUSD,2025-02-14,short,2025-02-14 14:00:00+00:00,2920.445,2938.4150000000004,2884.5049999999997,2.0,17.970000000000255,1797.0000000000255,2932.215,2912.885,win,2.0,2025-02-14 18:00:00+00:00,2884.5049999999997
XAUUSD,2025-02-19,short,2025-02-21 09:00:00+00:00,2923.065,2940.0150000000003,2889.1649999999995,2.0,16.950000000000273,1695.0000000000273,2936.825,2923.409,loss,-1.0,2025-02-21 17:00:00+00:00,2940.0150000000003
XAUUSD,2025-02-27,long,2025-02-28 21:00:00+00:00,2854.495,2854.435,2854.615,2.0,0.05999999999994543,5.999999999994543,2920.615,2898.388,loss,-1.0,2025-02-28 21:00:00+00:00,2854.435
XAUUSD,2025-02-28,long,2025-02-28 21:00:00+00:00,2854.495,2850.758,2861.969,2.0,3.73700000000008,373.700000000008,2887.508,2870.078,win,2.0,2025-03-02 23:00:00+00:00,2861.969
XAUUSD,2025-03-04,short,2025-03-06 08:00:00+00:00,2909.955,2918.4880000000003,2892.888999999999,2.0,8.533000000000357,853.3000000000357,2894.985,2873.348,win,2.0,2025-03-06 09:00:00+00:00,2892.888999999999
XAUUSD,2025-03-10,long,2025-03-12 09:00:00+00:00,2922.065,2897.379,2971.4370000000004,2.0,24.68600000000015,2468.600000000015,2916.678,2909.475,win,2.0,2025-03-13 15:00:00+00:00,2971.4370000000004
XAUUSD,2025-03-18,short,2025-03-20 08:00:00+00:00,3042.105,3042.165,3041.985,2.0,0.05999999999994543,5.999999999994543,3002.665,2992.678,loss,-1.0,2025-03-20 08:00:00+00:00,3042.165
XAUUSD,2025-03-21,long,2025-03-21 19:00:00+00:00,3017.215,3017.155,3017.335,2.0,0.05999999999994543,5.999999999994543,3046.485,3033.718,loss,-1.0,2025-03-21 19:00:00+00:00,3017.155
XAUUSD,2025-04-02,short,2025-04-04 09:00:00+00:00,3083.858,3133.775,2984.0240000000003,2.0,49.916999999999916,4991.699999999992,3132.875,3100.665,loss,-1.0,2025-04-04 11:00:00+00:00,3133.775
XAUUSD,2025-04-17,long,2025-04-17 18:00:00+00:00,3318.815,3283.3149999999996,3389.815000000001,2.0,35.500000000000455,3550.0000000000455,3357.455,3305.115,win,2.0,2025-04-21 06:00:00+00:00,3389.815000000001
XAUUSD,2025-04-21,short,2025-04-23 07:00:00+00:00,3300.905,3395.885,3110.945,2.0,94.98000000000002,9498.000000000002,3352.965,3327.985,timeout,-0.3459675721204429,2025-05-05 23:00:00+00:00,3333.765
XAUUSD,2025-04-25,long,2025-04-25 20:00:00+00:00,3304.505,3302.825,3307.8650000000007,2.0,1.680000000000291,168.0000000000291,3370.065,3319.245,win,2.0,2025-04-25 20:00:00+00:00,3307.8650000000007
XAUUSD,2025-04-30,long,2025-05-02 08:00:00+00:00,3258.785,3258.725,3258.9049999999997,2.0,0.05999999999994543,5.999999999994543,3329.725,3304.965,loss,-1.0,2025-05-02 08:00:00+00:00,3258.725
XAUUSD,2025-05-06,short,2025-05-08 06:00:00+00:00,3355.005,3379.355,3306.3050000000003,2.0,24.34999999999991,2434.999999999991,3337.495,3305.285,win,2.0,2025-05-08 16:00:00+00:00,3306.3050000000003
XAUUSD,2025-05-13,short,2025-05-15 03:00:00+00:00,3153.545,3264.795,2931.045,2.0,111.25,11125.0,3243.775,3220.125,loss,-1.0,2025-05-20 14:00:00+00:00,3264.795
XAUUSD,2025-05-16,long,2025-05-16 17:00:00+00:00,3189.185,3189.125,3189.305,2.0,0.05999999999994543,5.999999999994543,3251.805,3204.365,loss,-1.0,2025-05-16 17:00:00+00:00,3189.125
XAUUSD,2025-05-26,long,2025-05-28 08:00:00+00:00,3318.948,3318.888,3319.0679999999998,2.0,0.05999999999994543,5.999999999994543,3356.085,3340.905,loss,-1.0,2025-05-28 08:00:00+00:00,3318.888
XAUUSD,2025-05-27,long,2025-05-29 08:00:00+00:00,3286.175,3286.1150000000002,3286.295,2.0,0.05999999999994543,5.999999999994543,3348.515,3336.598,loss,-1.0,2025-05-29 08:00:00+00:00,3286.1150000000002
XAUUSD,2025-06-24,long,2025-06-26 08:00:00+00:00,3345.815,3316.2679999999996,3404.909000000001,2.0,29.54700000000048,2954.700000000048,3393.348,3341.095,loss,-1.0,2025-06-26 13:00:00+00:00,3316.2679999999996
XAUUSD,2025-06-25,short,2025-06-27 03:00:00+00:00,3308.565,3336.878,3251.939,2.0,28.313000000000102,2831.30000000001,3325.198,3299.515,win,2.0,2025-06-29 22:00:00+00:00,3251.939
XAUUSD,2025-07-02,long,2025-07-04 04:00:00+00:00,3338.225,3327.245,3360.185,2.0,10.980000000000018,1098.0000000000018,3346.515,3336.555,loss,-1.0,2025-07-06 23:00:00+00:00,3327.245
XAUUSD,2025-07-04,short,2025-07-04 16:00:00+00:00,3332.165,3343.605,3309.285,2.0,11.440000000000055,1144.0000000000055,3334.698,3322.845,win,2.0,2025-07-07 01:00:00+00:00,3309.285
XAUUSD,2025-07-15,short,2025-07-17 01:00:00+00:00,3340.515,3365.005,3291.5349999999994,2.0,24.490000000000236,2449.0000000000236,3351.515,3341.105,loss,-1.0,2025-07-21 05:00:00+00:00,3365.005
XAUUSD,2025-07-18,short,2025-07-18 20:00:00+00:00,3348.149,3349.965,3344.5169999999994,2.0,1.8160000000002583,181.60000000002583,3343.895,3331.005,loss,-1.0,2025-07-18 20:00:00+00:00,3349.965
XAUUSD,2025-07-25,long,2025-07-25 19:00:00+00:00,3338.548,3338.488,3338.6679999999997,2.0,0.05999999999994543,5.999999999994543,3375.139,3364.948,loss,-1.0,2025-07-25 19:00:00+00:00,3338.488
XAUUSD,2025-07-30,long,2025-08-01 12:00:00+00:00,3300.235,3300.175,3300.355,2.0,0.05999999999994543,5.999999999994543,3333.908,3318.845,loss,-1.0,2025-08-01 12:00:00+00:00,3300.175
XAUUSD,2025-08-01,long,2025-08-01 20:00:00+00:00,3356.965,3284.968,3500.9590000000007,2.0,71.9970000000003,7199.70000000003,3298.919,3287.845,timeout,-0.09176771254357742,2025-08-14 12:00:00+00:00,3350.358
XAUUSD,2025-08-05,long,2025-08-07 07:00:00+00:00,3387.585,3365.825,3431.1050000000005,2.0,21.76000000000022,2176.000000000022,3379.495,3370.379,loss,-1.0,2025-08-11 06:00:00+00:00,3365.825
XAUUSD,2025-08-06,long,2025-08-08 08:00:00+00:00,3401.425,3368.845,3466.585000000001,2.0,32.58000000000038,3258.000000000038,3390.289,3376.625,loss,-1.0,2025-08-11 01:00:00+00:00,3368.845
XAUUSD,2025-08-11,long,2025-08-13 07:00:00+00:00,3356.995,3356.7749999999996,3357.4350000000004,2.0,0.22000000000025466,22.000000000025466,3404.798,3389.359,loss,-1.0,2025-08-13 07:00:00+00:00,3356.7749999999996
XAUUSD,2025-08-19,short,2025-08-21 05:00:00+00:00,3338.135,3341.6780000000003,3331.049,2.0,3.54300000000012,354.300000000012,3336.748,3330.085,loss,-1.0,2025-08-21 09:00:00+00:00,3341.6780000000003
XAUUSD,2025-08-20,short,2025-08-22 02:00:00+00:00,3333.848,3333.908,3333.728,2.0,0.05999999999994543,5.999999999994543,3326.598,3312.665,loss,-1.0,2025-08-22 02:00:00+00:00,3333.908
XAUUSD,2025-09-09,short,2025-09-11 04:00:00+00:00,3631.925,3650.708,3594.3590000000004,2.0,18.7829999999999,1878.2999999999902,3646.115,3628.035,loss,-1.0,2025-09-12 02:00:00+00:00,3650.708
XAUUSD,2025-09-16,short,2025-09-18 06:00:00+00:00,3651.198,3693.985,3565.6239999999993,2.0,42.78700000000026,4278.700000000026,3685.345,3662.785,loss,-1.0,2025-09-22 01:00:00+00:00,3693.985
XAUUSD,2025-09-18,long,2025-09-19 14:00:00+00:00,3663.045,3635.2949999999996,3718.545000000001,2.0,27.750000000000455,2775.0000000000455,3707.308,3645.765,win,2.0,2025-09-22 06:00:00+00:00,3718.545000000001
XAUUSD,2025-09-24,long,2025-09-26 14:00:00+00:00,3761.358,3749.435,3785.2040000000006,2.0,11.92300000000023,1192.300000000023,3785.515,3751.805,win,2.0,2025-09-29 00:00:00+00:00,3785.2040000000006
XAUUSD,2025-09-26,short,2025-09-26 20:00:00+00:00,3766.475,3783.625,3732.1749999999997,2.0,17.15000000000009,1715.000000000009,3758.055,3727.885,loss,-1.0,2025-09-29 00:00:00+00:00,3783.625
XAUUSD,2025-10-22,short,2025-10-24 06:00:00+00:00,4104.048,4156.255,3999.633999999999,2.0,52.207000000000335,5220.7000000000335,4150.175,4089.645,win,2.0,2025-10-27 14:00:00+00:00,3999.633999999999
XAUUSD,2025-10-27,long,2025-10-29 08:00:00+00:00,4001.385,4001.3250000000003,4001.505,2.0,0.05999999999994543,5.999999999994543,4108.598,4061.315,loss,-1.0,2025-10-29 08:00:00+00:00,4001.3250000000003
XAUUSD,2025-11-17,long,2025-11-19 10:00:00+00:00,4113.215,4068.075,4203.495000000001,2.0,45.14000000000033,4514.000000000033,4106.295,4070.395,loss,-1.0,2025-11-19 16:00:00+00:00,4068.075
XAUUSD,2025-11-19,short,2025-11-21 07:00:00+00:00,4032.329,4088.645,3919.6970000000006,2.0,56.3159999999998,5631.59999999998,4082.275,4040.145,loss,-1.0,2025-11-21 16:00:00+00:00,4088.645
XAUUSD,2025-12-05,short,2025-12-07 23:00:00+00:00,4199.615,4227.014999999999,4144.8150000000005,2.0,27.399999999999636,2739.9999999999636,4219.255,4191.215,loss,-1.0,2025-12-10 20:00:00+00:00,4227.014999999999
XAUUSD,2025-12-08,short,2025-12-10 09:00:00+00:00,4197.655,4216.4349999999995,4160.095,2.0,18.779999999999745,1877.9999999999745,4202.495,4193.385,loss,-1.0,2025-12-10 19:00:00+00:00,4216.4349999999995
XAUUSD,2025-12-10,long,2025-12-12 08:00:00+00:00,4286.895,4187.495,4485.6950000000015,2.0,99.40000000000055,9940.000000000055,4221.345,4189.805,win,2.0,2025-12-23 01:00:00+00:00,4485.6950000000015
XAUUSD,2025-12-31,long,2026-01-02 01:00:00+00:00,4353.695,4302.968,4455.148999999999,2.0,50.72699999999986,5072.699999999986,4381.625,4328.765,win,2.0,2026-01-05 15:00:00+00:00,4455.148999999999
XAUUSD,2026-02-02,long,2026-02-04 01:00:00+00:00,5015.865,4557.875,5931.844999999999,2.0,457.9899999999998,45798.99999999998,4820.748,4694.575,timeout,-0.06111487150374417,2026-02-16 16:00:00+00:00,4987.875
XAUUSD,2026-02-17,long,2026-02-19 06:00:00+00:00,4996.645,4916.135,5157.665000000001,2.0,80.51000000000022,8051.000000000022,5000.645,4968.665,win,2.0,2026-02-22 23:00:00+00:00,5157.665000000001
XAUUSD,2026-03-12,short,2026-03-13 20:00:00+00:00,5016.425,5189.4349999999995,4670.405000000002,2.0,173.0099999999993,17300.99999999993,5185.495,5129.175,win,2.0,2026-03-19 10:00:00+00:00,4670.405000000002
XAUUSD,2026-03-16,short,2026-03-18 11:00:00+00:00,4967.605,5037.745,4827.324999999999,2.0,70.14000000000033,7014.000000000033,5029.945,4967.125,win,2.0,2026-03-18 20:00:00+00:00,4827.324999999999
XAUUSD,2026-03-17,short,2026-03-19 07:00:00+00:00,4763.475,5029.405,4231.615000000002,2.0,265.9299999999994,26592.999999999938,5021.575,4973.785,win,2.0,2026-03-23 06:00:00+00:00,4231.615000000002
XAUUSD,2026-03-31,short,2026-04-02 06:00:00+00:00,4594.045,4594.1050000000005,4593.924999999999,2.0,0.06000000000040018,6.000000000040018,4556.565,4492.445,loss,-1.0,2026-04-02 06:00:00+00:00,4594.1050000000005
XAUUSD,2026-04-02,long,2026-04-02 15:00:00+00:00,4681.045,4596.885,4849.365,2.0,84.15999999999985,8415.999999999985,4800.185,4741.805,win,2.0,2026-04-08 00:00:00+00:00,4849.365
XAUUSD,2026-04-09,short,2026-04-12 22:00:00+00:00,4634.998,4775.965,4353.0639999999985,2.0,140.96700000000055,14096.700000000055,4765.298,4699.235,loss,-1.0,2026-04-14 01:00:00+00:00,4775.965
XAUUSD,2026-04-27,short,2026-04-29 08:00:00+00:00,4568.176,4718.235,4268.058000000002,2.0,150.0589999999993,15005.899999999929,4703.995,4674.655,timeout,-0.24922863673621448,2026-05-04 02:00:00+00:00,4605.575
XAUUSD,2026-04-28,long,2026-04-30 07:00:00+00:00,4589.185,4589.125,4589.305000000001,2.0,0.06000000000040018,6.000000000040018,4694.895,4667.055,loss,-1.0,2026-04-30 07:00:00+00:00,4589.125
NAS100,2023-05-24,long,2023-05-26 15:00:00+00:00,83.094,80.144,88.99399999999997,2.0,2.9499999999999886,294.99999999999886,84.514,82.704,loss,-1.0,2023-05-31 13:00:00+00:00,80.144
NAS100,2023-05-31,long,2023-06-02 14:00:00+00:00,82.674,79.404,89.21400000000003,2.0,3.2700000000000102,327.000000000001,83.694,82.694,loss,-1.0,2023-06-05 13:00:00+00:00,79.404
NAS100,2023-06-09,long,2023-06-12 13:00:00+00:00,77.394,77.334,77.51400000000001,2.0,0.060000000000002274,6.000000000000227,80.074,78.084,win,2.0,2023-06-12 13:00:00+00:00,77.51400000000001
NAS100,2023-06-13,long,2023-06-15 14:00:00+00:00,75.224,75.164,75.34400000000001,2.0,0.060000000000002274,6.000000000000227,79.174,78.044,loss,-1.0,2023-06-15 14:00:00+00:00,75.164
NAS100,2023-06-27,long,2023-06-29 14:00:00+00:00,76.494,75.574,78.334,2.0,0.9200000000000017,92.00000000000017,77.244,76.484,win,2.0,2023-06-29 16:00:00+00:00,78.334
NAS100,2023-07-28,long,2023-07-28 19:00:00+00:00,83.534,82.074,86.45400000000002,2.0,1.460000000000008,146.0000000000008,85.814,83.444,loss,-1.0,2023-08-01 13:00:00+00:00,82.074
NAS100,2023-08-22,long,2023-08-24 14:00:00+00:00,79.384,77.224,83.704,2.0,2.1599999999999966,215.99999999999966,78.954,77.724,loss,-1.0,2023-08-25 13:00:00+00:00,77.224
NAS100,2023-09-08,long,2023-09-11 13:00:00+00:00,71.774,71.714,71.894,2.0,0.060000000000002274,6.000000000000227,74.704,73.774,loss,-1.0,2023-09-11 13:00:00+00:00,71.714
NAS100,2023-09-27,long,2023-09-28 19:00:00+00:00,67.884,66.734,70.18400000000001,2.0,1.1500000000000057,115.00000000000057,68.534,67.064,loss,-1.0,2023-09-29 13:00:00+00:00,66.734
NAS100,2023-09-29,short,2023-09-29 18:00:00+00:00,68.324,69.734,65.504,2.0,1.4099999999999966,140.99999999999966,68.094,67.054,win,2.0,2023-10-03 13:00:00+00:00,65.504
NAS100,2023-10-05,long,2023-10-05 17:00:00+00:00,66.904,65.994,68.72399999999999,2.0,0.9099999999999966,90.99999999999966,66.874,66.144,loss,-1.0,2023-10-06 13:00:00+00:00,65.994
NAS100,2023-10-20,long,2023-10-20 18:00:00+00:00,64.164,62.974,66.54400000000001,2.0,1.1900000000000048,119.00000000000048,65.354,63.254,loss,-1.0,2023-10-23 13:00:00+00:00,62.974
NAS100,2023-11-01,long,2023-11-03 14:00:00+00:00,57.954,52.403999999999996,69.054,2.0,5.550000000000004,555.0000000000005,55.714,53.094,win,2.0,2023-12-08 15:00:00+00:00,69.054
NAS100,2024-03-19,long,2024-03-20 19:00:00+00:00,71.394,70.17399999999999,73.83400000000003,2.0,1.220000000000013,122.00000000000131,72.624,71.154,loss,-1.0,2024-03-21 13:00:00+00:00,70.17399999999999
NAS100,2024-03-22,long,2024-03-22 18:00:00+00:00,70.944,70.514,71.80400000000002,2.0,0.4300000000000068,43.00000000000068,72.624,71.744,loss,-1.0,2024-03-25 13:00:00+00:00,70.514
NAS100,2024-03-26,long,2024-03-28 14:00:00+00:00,69.724,68.504,72.164,2.0,1.2199999999999989,121.99999999999989,69.794,68.884,loss,-1.0,2024-04-01 14:00:00+00:00,68.504
NAS100,2024-04-17,long,2024-04-19 14:00:00+00:00,62.554,62.494,62.67400000000001,2.0,0.060000000000002274,6.000000000000227,64.354,63.434,loss,-1.0,2024-04-19 14:00:00+00:00,62.494
NAS100,2024-04-23,short,2024-04-25 14:00:00+00:00,61.994,64.504,56.97399999999999,2.0,2.510000000000005,251.0000000000005,63.304,62.534,loss,-1.0,2024-04-29 13:00:00+00:00,64.504
NAS100,2024-04-24,long,2024-04-26 15:00:00+00:00,63.704,62.454,66.20400000000001,2.0,1.25,125.0,64.354,63.404,win,2.0,2024-04-29 14:00:00+00:00,66.20400000000001
NAS100,2024-04-25,long,2024-04-26 18:00:00+00:00,64.114,61.604,69.13400000000001,2.0,2.510000000000005,251.0000000000005,63.524,62.484,loss,-1.0,2024-04-30 13:00:00+00:00,61.604
NAS100,2024-05-14,short,2024-05-16 14:00:00+00:00,82.244,84.244,78.244,2.0,2.0,200.0,82.414,81.344,loss,-1.0,2024-05-17 15:00:00+00:00,84.244
NAS100,2024-05-23,long,2024-05-24 18:00:00+00:00,80.714,80.314,81.51400000000001,2.0,0.4000000000000057,40.00000000000057,82.964,81.714,loss,-1.0,2024-05-24 19:00:00+00:00,80.314
NAS100,2024-05-29,long,2024-05-31 14:00:00+00:00,78.344,77.314,80.404,2.0,1.0300000000000011,103.00000000000011,79.654,78.924,loss,-1.0,2024-05-31 16:00:00+00:00,77.314
NAS100,2024-05-31,short,2024-05-31 17:00:00+00:00,76.914,78.624,73.49400000000001,2.0,1.7099999999999937,170.99999999999937,77.464,76.514,loss,-1.0,2024-06-03 13:00:00+00:00,78.624
NAS100,2024-06-04,long,2024-06-05 15:00:00+00:00,77.484,76.884,78.68399999999998,2.0,0.5999999999999943,59.99999999999943,78.454,76.944,win,2.0,2024-06-05 16:00:00+00:00,78.68399999999998
NAS100,2024-06-12,short,2024-06-14 15:00:00+00:00,75.334,77.764,70.47400000000002,2.0,2.4299999999999926,242.99999999999926,77.164,75.814,win,2.0,2024-06-28 13:00:00+00:00,70.47400000000002
NAS100,2024-06-13,long,2024-06-14 18:00:00+00:00,75.974,75.914,76.09400000000001,2.0,0.060000000000002274,6.000000000000227,77.804,76.694,loss,-1.0,2024-06-14 18:00:00+00:00,75.914
NAS100,2024-06-14,long,2024-06-14 18:00:00+00:00,75.974,74.684,78.55400000000002,2.0,1.2900000000000063,129.00000000000063,77.044,75.734,loss,-1.0,2024-06-17 13:00:00+00:00,74.684
NAS100,2024-06-26,long,2024-06-27 16:00:00+00:00,72.054,71.994,72.174,2.0,0.060000000000002274,6.000000000000227,73.324,72.634,loss,-1.0,2024-06-27 16:00:00+00:00,71.994
NAS100,2024-06-28,short,2024-06-28 19:00:00+00:00,70.954,72.484,67.89399999999999,2.0,1.5300000000000011,153.0000000000001,72.264,71.464,loss,-1.0,2024-07-01 13:00:00+00:00,72.484
NAS100,2024-07-09,long,2024-07-09 17:00:00+00:00,70.964,70.064,72.76400000000001,2.0,0.9000000000000057,90.00000000000057,72.314,71.254,win,2.0,2024-07-11 13:00:00+00:00,72.76400000000001
NAS100,2024-07-16,short,2024-07-17 18:00:00+00:00,78.544,78.634,78.36399999999999,2.0,0.09000000000000341,9.000000000000341,77.434,76.514,loss,-1.0,2024-07-17 18:00:00+00:00,78.634
NAS100,2024-07-17,short,2024-07-18 17:00:00+00:00,76.354,80.404,68.254,2.0,4.049999999999997,404.9999999999997,80.014,78.284,loss,-1.0,2024-07-26 13:00:00+00:00,80.404
NAS100,2024-07-18,long,2024-07-19 19:00:00+00:00,75.044,74.984,75.164,2.0,0.060000000000002274,6.000000000000227,79.434,77.984,loss,-1.0,2024-07-19 19:00:00+00:00,74.984
NAS100,2024-07-19,long,2024-07-19 19:00:00+00:00,75.044,74.084,76.96399999999998,2.0,0.9599999999999937,95.99999999999937,78.004,75.264,win,2.0,2024-07-22 19:00:00+00:00,76.96399999999998
NAS100,2024-07-30,short,2024-07-31 18:00:00+00:00,82.384,82.444,82.264,2.0,0.060000000000002274,6.000000000000227,80.764,78.944,loss,-1.0,2024-07-31 18:00:00+00:00,82.444
NAS100,2024-07-31,short,2024-08-02 14:00:00+00:00,77.664,83.464,66.06400000000001,2.0,5.799999999999997,579.9999999999997,82.234,79.884,timeout,0.7362068965517238,2024-09-12 17:00:00+00:00,73.394
NAS100,2024-08-06,short,2024-08-07 19:00:00+00:00,70.374,80.374,50.373999999999995,2.0,10.0,1000.0,79.084,76.984,timeout,-0.552000000000001,2024-09-18 15:00:00+00:00,75.894
NAS100,2024-08-07,long,2024-08-09 13:00:00+00:00,72.844,71.934,74.66399999999999,2.0,0.9099999999999966,90.99999999999966,80.394,77.974,loss,-1.0,2024-08-09 13:00:00+00:00,71.934
NAS100,2024-08-14,long,2024-08-15 15:00:00+00:00,74.054,72.384,77.394,2.0,1.6700000000000017,167.00000000000017,73.594,72.444,loss,-1.0,2024-08-20 19:00:00+00:00,72.384
NAS100,2024-08-22,long,2024-08-23 16:00:00+00:00,72.494,71.504,74.47399999999999,2.0,0.9899999999999949,98.99999999999949,73.034,71.784,loss,-1.0,2024-08-26 13:00:00+00:00,71.504
NAS100,2024-08-27,long,2024-08-29 15:00:00+00:00,73.514,70.564,79.414,2.0,2.950000000000003,295.0000000000003,71.774,70.874,loss,-1.0,2024-09-04 13:00:00+00:00,70.564
NAS100,2024-09-10,short,2024-09-12 14:00:00+00:00,71.114,73.56400000000001,66.214,2.0,2.450000000000003,245.00000000000028,72.654,71.614,loss,-1.0,2024-09-13 13:00:00+00:00,73.56400000000001
NAS100,2024-09-12,long,2024-09-16 13:00:00+00:00,74.324,71.054,80.86399999999999,2.0,3.269999999999996,326.9999999999996,74.034,72.844,loss,-1.0,2024-10-17 15:00:00+00:00,71.054
NAS100,2024-09-25,long,2024-09-27 15:00:00+00:00,79.884,75.92399999999999,87.80400000000002,2.0,3.960000000000008,396.0000000000008,78.294,77.034,loss,-1.0,2024-09-30 13:00:00+00:00,75.92399999999999
NAS100,2024-09-26,short,2024-09-27 17:00:00+00:00,79.184,79.244,79.064,2.0,0.060000000000002274,6.000000000000227,76.024,74.354,win,2.0,2024-09-27 17:00:00+00:00,79.064
NAS100,2024-09-27,short,2024-09-27 17:00:00+00:00,79.184,80.014,77.524,2.0,0.8299999999999983,82.99999999999983,78.004,76.384,win,2.0,2024-09-30 13:00:00+00:00,77.524
NAS100,2024-10-15,short,2024-10-17 13:00:00+00:00,72.054,75.034,66.094,2.0,2.980000000000004,298.0000000000004,73.794,72.424,loss,-1.0,2024-10-30 13:00:00+00:00,75.034
NAS100,2024-10-17,long,2024-10-21 13:00:00+00:00,70.024,69.964,70.144,2.0,0.060000000000002274,6.000000000000227,72.574,71.454,loss,-1.0,2024-10-21 13:00:00+00:00,69.964
NAS100,2024-10-30,short,2024-11-01 13:00:00+00:00,74.004,77.864,66.284,2.0,3.8599999999999994,385.99999999999994,70.894,70.144,loss,-1.0,2024-11-06 14:00:00+00:00,77.864
NAS100,2024-11-01,short,2024-11-01 18:00:00+00:00,74.654,75.734,72.494,2.0,1.0799999999999983,107.99999999999983,74.944,73.414,loss,-1.0,2024-11-04 14:00:00+00:00,75.734
NAS100,2025-03-11,long,2025-03-12 19:00:00+00:00,59.644,59.583999999999996,59.764,2.0,0.060000000000002274,6.000000000000227,63.874,62.234,loss,-1.0,2025-03-12 19:00:00+00:00,59.583999999999996
NAS100,2025-03-21,long,2025-03-21 17:00:00+00:00,60.734,59.924,62.354000000000006,2.0,0.8100000000000023,81.00000000000023,61.184,60.084,loss,-1.0,2025-03-25 18:00:00+00:00,59.924
NAS100,2025-04-03,long,2025-04-04 18:00:00+00:00,53.364,53.303999999999995,53.484,2.0,0.060000000000002274,6.000000000000227,58.524,57.584,loss,-1.0,2025-04-04 18:00:00+00:00,53.303999999999995
NAS100,2025-04-04,long,2025-04-04 18:00:00+00:00,53.364,50.124,59.84399999999999,2.0,3.239999999999995,323.9999999999995,55.784,54.574,loss,-1.0,2025-04-04 19:00:00+00:00,50.124
NAS100,2025-04-30,long,2025-05-02 15:00:00+00:00,50.834,49.454,53.59400000000001,2.0,1.3800000000000026,138.00000000000026,50.654,49.724,loss,-1.0,2025-05-05 13:00:00+00:00,49.454
NAS100,2025-05-02,short,2025-05-02 19:00:00+00:00,50.404,50.954,49.30400000000001,2.0,0.5499999999999972,54.999999999999716,50.714,49.274,win,2.0,2025-05-05 13:00:00+00:00,49.30400000000001
NAS100,2025-05-06,long,2025-05-08 15:00:00+00:00,49.434,48.564,51.17399999999999,2.0,0.8699999999999974,86.99999999999974,50.834,49.604,win,2.0,2025-05-12 13:00:00+00:00,51.17399999999999
NAS100,2025-05-14,long,2025-05-16 13:00:00+00:00,47.654,47.594,47.77400000000001,2.0,0.060000000000002274,6.000000000000227,53.064,51.364,loss,-1.0,2025-05-16 13:00:00+00:00,47.594
NAS100,2025-05-15,long,2025-05-16 13:00:00+00:00,47.654,46.784,49.39400000000001,2.0,0.8700000000000045,87.00000000000045,49.204,47.644,win,2.0,2025-05-20 15:00:00+00:00,49.39400000000001
NAS100,2025-05-20,short,2025-05-21 18:00:00+00:00,46.404,49.274,40.66400000000001,2.0,2.8699999999999974,286.9999999999997,49.214,48.624,loss,-1.0,2025-06-03 15:00:00+00:00,49.274
NAS100,2025-05-30,short,2025-05-30 18:00:00+00:00,48.164,48.884,46.724000000000004,2.0,0.7199999999999989,71.99999999999989,48.424,47.814,loss,-1.0,2025-06-03 14:00:00+00:00,48.884
NAS100,2025-06-03,short,2025-06-05 14:00:00+00:00,48.364,49.244,46.60399999999999,2.0,0.8800000000000026,88.00000000000026,48.684,48.024,loss,-1.0,2025-06-06 14:00:00+00:00,49.244
NAS100,2025-06-06,short,2025-06-06 19:00:00+00:00,48.624,49.344,47.184000000000005,2.0,0.7199999999999989,71.99999999999989,49.144,47.694,loss,-1.0,2025-06-09 13:00:00+00:00,49.344
NAS100,2025-06-10,short,2025-06-10 19:00:00+00:00,50.794,51.094,50.19399999999999,2.0,0.30000000000000426,30.000000000000426,50.474,49.284,loss,-1.0,2025-06-10 19:00:00+00:00,51.094
NAS100,2025-06-12,long,2025-06-13 17:00:00+00:00,51.174,50.854,51.814,2.0,0.3200000000000003,32.00000000000003,52.584,51.004,loss,-1.0,2025-06-13 17:00:00+00:00,50.854
NAS100,2025-06-13,long,2025-06-13 17:00:00+00:00,51.174,50.174,53.174,2.0,1.0,100.0,52.094,51.044,loss,-1.0,2025-06-13 19:00:00+00:00,50.174
NAS100,2025-06-17,long,2025-06-18 16:00:00+00:00,49.884,49.824,50.004000000000005,2.0,0.060000000000002274,6.000000000000227,51.564,50.664,loss,-1.0,2025-06-18 16:00:00+00:00,49.824
NAS100,2025-06-26,short,2025-06-27 19:00:00+00:00,51.134,53.314,46.774,2.0,2.1799999999999997,217.99999999999997,53.024,49.364,loss,-1.0,2025-07-01 15:00:00+00:00,53.314
NAS100,2025-07-01,long,2025-07-03 13:00:00+00:00,52.674,50.144,57.734,2.0,2.530000000000001,253.0000000000001,51.924,50.674,loss,-1.0,2025-07-21 13:00:00+00:00,50.144
NAS100,2025-07-08,short,2025-07-09 17:00:00+00:00,51.914,52.994,49.754000000000005,2.0,1.0799999999999983,107.99999999999983,51.954,50.724,loss,-1.0,2025-07-10 13:00:00+00:00,52.994
NAS100,2025-07-09,short,2025-07-11 14:00:00+00:00,53.704,53.764,53.583999999999996,2.0,0.060000000000002274,6.000000000000227,53.324,52.204,loss,-1.0,2025-07-11 14:00:00+00:00,53.764
NAS100,2025-07-10,short,2025-07-11 14:00:00+00:00,53.704,54.734,51.644,2.0,1.0300000000000011,103.00000000000011,52.634,51.554,win,2.0,2025-07-15 15:00:00+00:00,51.644
NAS100,2025-07-15,long,2025-07-17 15:00:00+00:00,52.094,51.714,52.854000000000006,2.0,0.38000000000000256,38.000000000000256,53.254,52.094,win,2.0,2025-07-17 17:00:00+00:00,52.854000000000006
NAS100,2025-07-16,long,2025-07-17 15:00:00+00:00,52.094,50.854,54.574000000000005,2.0,1.240000000000002,124.0000000000002,52.114,51.034,loss,-1.0,2025-07-21 13:00:00+00:00,50.854
NAS100,2025-07-17,short,2025-07-18 15:00:00+00:00,52.354,52.414,52.233999999999995,2.0,0.060000000000002274,6.000000000000227,51.934,50.574,loss,-1.0,2025-07-18 15:00:00+00:00,52.414
NAS100,2025-08-01,long,2025-08-01 19:00:00+00:00,54.614,52.814,58.21399999999999,2.0,1.7999999999999972,179.99999999999972,56.944,54.164,loss,-1.0,2025-08-06 13:00:00+00:00,52.814
NAS100,2025-08-19,short,2025-08-21 14:00:00+00:00,53.644,54.804,51.32399999999999,2.0,1.1600000000000037,116.00000000000037,54.004,52.984,loss,-1.0,2025-08-22 13:00:00+00:00,54.804
NAS100,2025-08-20,long,2025-08-21 16:00:00+00:00,54.534,53.824,55.954,2.0,0.7100000000000009,71.00000000000009,54.824,53.914,loss,-1.0,2025-08-21 19:00:00+00:00,53.824
NAS100,2025-08-26,short,2025-08-28 15:00:00+00:00,54.584,57.474000000000004,48.804,2.0,2.8900000000000006,289.00000000000006,56.704,55.564,loss,-1.0,2025-10-01 14:00:00+00:00,57.474000000000004
NAS100,2025-09-09,short,2025-09-10 17:00:00+00:00,51.944,54.464,46.90400000000001,2.0,2.519999999999996,251.9999999999996,54.174,53.164,loss,-1.0,2025-09-23 14:00:00+00:00,54.464
NAS100,2025-09-19,long,2025-09-22 13:00:00+00:00,52.784,52.013999999999996,54.324000000000005,2.0,0.7700000000000031,77.00000000000031,53.174,52.464,win,2.0,2025-09-23 14:00:00+00:00,54.324000000000005
NAS100,2025-09-23,short,2025-09-25 15:00:00+00:00,50.134,54.504,41.394000000000005,2.0,4.369999999999997,436.9999999999997,53.264,52.374,loss,-1.0,2025-09-30 18:00:00+00:00,54.504
NAS100,2025-09-25,long,2025-09-26 16:00:00+00:00,51.534,49.903999999999996,54.794000000000004,2.0,1.6300000000000026,163.00000000000026,51.444,50.584,win,2.0,2025-09-30 19:00:00+00:00,54.794000000000004
NAS100,2025-10-03,short,2025-10-03 18:00:00+00:00,62.534,63.574,60.454,2.0,1.0399999999999991,103.99999999999991,62.714,59.474,win,2.0,2025-10-07 14:00:00+00:00,60.454
NAS100,2025-10-08,short,2025-10-10 14:00:00+00:00,59.264,60.794000000000004,56.204,2.0,1.5300000000000011,153.0000000000001,60.614,58.834,loss,-1.0,2025-10-16 13:00:00+00:00,60.794000000000004
NAS100,2025-10-14,long,2025-10-16 14:00:00+00:00,61.354,57.974,68.114,2.0,3.3800000000000026,338.0000000000002,59.654,58.954,loss,-1.0,2025-11-05 14:00:00+00:00,57.974
NAS100,2025-10-22,long,2025-10-24 15:00:00+00:00,66.464,63.104,73.184,2.0,3.3599999999999994,335.99999999999994,64.274,63.324,loss,-1.0,2025-10-29 13:00:00+00:00,63.104
NAS100,2025-10-29,long,2025-10-31 15:00:00+00:00,62.554,62.494,62.67400000000001,2.0,0.060000000000002274,6.000000000000227,64.964,63.514,loss,-1.0,2025-10-31 15:00:00+00:00,62.494
NAS100,2026-03-25,short,2026-03-27 14:00:00+00:00,51.604,52.894,49.024,2.0,1.2899999999999991,128.99999999999991,52.844,52.104,loss,-1.0,2026-03-31 13:00:00+00:00,52.894
NAS100,2026-03-31,short,2026-04-02 14:00:00+00:00,53.074,53.134,52.95399999999999,2.0,0.060000000000002274,6.000000000000227,52.254,51.384,loss,-1.0,2026-04-02 14:00:00+00:00,53.134
NAS100,2026-04-14,short,2026-04-16 13:00:00+00:00,57.584,59.984,52.784000000000006,2.0,2.3999999999999986,239.99999999999986,57.574,55.514,loss,-1.0,2026-04-20 14:00:00+00:00,59.984
NAS100,2026-04-21,short,2026-04-23 14:00:00+00:00,52.464,62.194,33.00399999999999,2.0,9.730000000000004,973.0000000000003,60.784,59.374,timeout,-0.25077081192189143,2026-05-01 19:00:00+00:00,54.904
NAS100,2026-04-28,long,2026-04-30 15:00:00+00:00,53.864,53.333999999999996,54.924,2.0,0.5300000000000011,53.000000000000114,55.214,54.264,win,2.0,2026-04-30 18:00:00+00:00,54.924
